{
  "labels_3d": [
    0,
    0,
    0,
    0,
    0,
    0,
    0,
    0,
    0,
    0
  ],
  "scores_3d": [
    0.9750319123268127,
    0.968176007270813,
    0.9457360506057739,
    0.8904551267623901,
    0.8889731168746948,
    0.7712066769599915,
    0.755447506904602,
    0.7058888077735901,
    0.5796061754226685,
    0.441741943359375
  ],
  "bboxes_3d": [
    [
      14.758358001708984,
      -1.0538222789764404,
      -1.558962106704712,
      3.7562530040740967,
      1.6059751510620117,
      1.5587180852890015,
      -0.3130927085876465
    ],
    [
      6.437827110290527,
      -3.8678956031799316,
      -1.7354443073272705,
      3.1476027965545654,
      1.4598557949066162,
      1.4284149408340454,
      -0.2996708154678345
    ],
    [
      8.1122465133667,
      1.2169727087020874,
      -1.633988857269287,
      3.6663286685943604,
      1.5731128454208374,
      1.5915477275848389,
      2.8161821365356445
    ],
    [
      20.169815063476562,
      -8.431066513061523,
      -1.6690773963928223,
      2.381589889526367,
      1.5175892114639282,
      1.5694243907928467,
      -0.3255056142807007
    ],
    [
      33.45586013793945,
      -7.035797119140625,
      -1.3376078605651855,
      4.214127540588379,
      1.7446203231811523,
      1.6696597337722778,
      2.828476905822754
    ],
    [
      55.62160873413086,
      -20.328807830810547,
      -1.377086877822876,
      4.3704986572265625,
      1.735974907875061,
      1.7067790031433105,
      2.8503031730651855
    ],
    [
      3.638275384902954,
      2.7380857467651367,
      -1.6891670227050781,
      3.720522403717041,
      1.5819662809371948,
      1.517804503440857,
      -0.2304767370223999
    ],
    [
      25.04045867919922,
      -10.156481742858887,
      -1.6325455904006958,
      3.7389581203460693,
      1.6085045337677002,
      1.4840214252471924,
      -0.3298457860946655
    ],
    [
      28.725322723388672,
      -1.5524876117706299,
      -1.2017264366149902,
      3.6939053535461426,
      1.5429328680038452,
      1.5608958005905151,
      1.241655945777893
    ],
    [
      40.87089920043945,
      -9.748838424682617,
      -1.3668365478515625,
      3.8332815170288086,
      1.6529909372329712,
      1.5704309940338135,
      -0.2881653308868408
    ]
  ],
  "box_type_3d": "LiDAR"
}